section,case,entity,entity_id,sub_id,period,parameter,value,unit,source,notes
Metadata,Common,Study,IEEE118_DC_OPF,,,network_case,Modified IEEE 118-bus,,study_data_D1_case2_congestion_withflex_v2_congpenalty(1).jl,Standard IEEE 118-bus topology with synthetic thermal-limit settings for the stress test.
Metadata,Common,Study,IEEE118_DC_OPF,,,system_base,100.0,MVA,study_data_D1_case2_congestion_withflex_v2_congpenalty(1).jl,
Metadata,Common,Study,IEEE118_DC_OPF,,,num_periods,6,periods,study_data_D1_case2_congestion_withflex_v2_congpenalty(1).jl,
Metadata,Common,Study,IEEE118_DC_OPF,,,period_length,10,minutes,study_data_D1_case2_congestion_withflex_v2_congpenalty(1).jl,
Metadata,Common,Study,IEEE118_DC_OPF,,,horizon_length,1,hour,study_data_D1_case2_congestion_withflex_v2_congpenalty(1).jl,
Metadata,Common,Study,IEEE118_DC_OPF,,,solver,Ipopt,,paper reported results,
Metadata,Common,Study,IEEE118_DC_OPF,,,modeling_environment,Julia/JuMP,,paper reported results,
Metadata,Common,Study,IEEE118_DC_OPF,,,reporting_near_congestion_threshold,95,%,paper reported results,Reporting threshold only; distinct from the 90% congestion-margin penalty threshold.
Metadata,Common,Study,IEEE118_DC_OPF,,,hard_branch_limit_threshold,100,%,paper reported results,
Metadata,Common,Study,IEEE118_DC_OPF,,,nominal_workload_to_power_estimate,0.12,MW/workload,paper reported results,Benchmark-based nominal estimate; canonical numerical study data use 0.14 MW/workload.
CaseDefinition,NoFlex,Case,NoFlex,,,spatial_migration_enabled,False,,paper reported results,
CaseDefinition,NoFlex,Case,NoFlex,,,temporal_shifting_enabled,False,,paper reported results,
CaseDefinition,NoFlex,Case,NoFlex,,,carry_out_enabled,False,,paper reported results,
CaseDefinition,NoFlex,Case,NoFlex,,,processing_rule,Process each shiftable workload at its original data center and arrival period,,paper reported results,
CaseDefinition,WithFlex,Case,WithFlex,,,spatial_migration_enabled,True,,study_data_D1_case2_congestion_withflex_v2_congpenalty(1).jl,
CaseDefinition,WithFlex,Case,WithFlex,,,temporal_shifting_enabled,True,,study_data_D1_case2_congestion_withflex_v2_congpenalty(1).jl,
CaseDefinition,WithFlex,Case,WithFlex,,,carry_out_enabled,True,,study_data_D1_case2_congestion_withflex_v2_congpenalty(1).jl,
CaseDefinition,WithFlex,Case,WithFlex,,,max_delay,3,10-minute periods,study_data_D1_case2_congestion_withflex_v2_congpenalty(1).jl,
Generator,Common,Generator,G1,10,,bus,10,bus,study_data_D1_case2_congestion_withflex_v2_congpenalty(1).jl,
Generator,Common,Generator,G1,10,,P_min,0,MW,study_data_D1_case2_congestion_withflex_v2_congpenalty(1).jl,
Generator,Common,Generator,G1,10,,P_max,280,MW,study_data_D1_case2_congestion_withflex_v2_congpenalty(1).jl,
Generator,Common,Generator,G1,10,,Q_min,-150,MVar,study_data_D1_case2_congestion_withflex_v2_congpenalty(1).jl,
Generator,Common,Generator,G1,10,,Q_max,150,MVar,study_data_D1_case2_congestion_withflex_v2_congpenalty(1).jl,
Generator,Common,Generator,G1,10,,ramp_up,12,MW/period,study_data_D1_case2_congestion_withflex_v2_congpenalty(1).jl,
Generator,Common,Generator,G1,10,,ramp_down,12,MW/period,study_data_D1_case2_congestion_withflex_v2_congpenalty(1).jl,
Generator,Common,Generator,G1,10,,cost_alpha,8.8,normalized,study_data_D1_case2_congestion_withflex_v2_congpenalty(1).jl,
Generator,Common,Generator,G1,10,,cost_beta,2.3,normalized,study_data_D1_case2_congestion_withflex_v2_congpenalty(1).jl,
Generator,Common,Generator,G1,10,,cost_gamma,0,normalized,study_data_D1_case2_congestion_withflex_v2_congpenalty(1).jl,
Generator,Common,Generator,G2,30,,bus,30,bus,study_data_D1_case2_congestion_withflex_v2_congpenalty(1).jl,
Generator,Common,Generator,G2,30,,P_min,0,MW,study_data_D1_case2_congestion_withflex_v2_congpenalty(1).jl,
Generator,Common,Generator,G2,30,,P_max,250,MW,study_data_D1_case2_congestion_withflex_v2_congpenalty(1).jl,
Generator,Common,Generator,G2,30,,Q_min,-150,MVar,study_data_D1_case2_congestion_withflex_v2_congpenalty(1).jl,
Generator,Common,Generator,G2,30,,Q_max,150,MVar,study_data_D1_case2_congestion_withflex_v2_congpenalty(1).jl,
Generator,Common,Generator,G2,30,,ramp_up,12,MW/period,study_data_D1_case2_congestion_withflex_v2_congpenalty(1).jl,
Generator,Common,Generator,G2,30,,ramp_down,12,MW/period,study_data_D1_case2_congestion_withflex_v2_congpenalty(1).jl,
Generator,Common,Generator,G2,30,,cost_alpha,9.0,normalized,study_data_D1_case2_congestion_withflex_v2_congpenalty(1).jl,
Generator,Common,Generator,G2,30,,cost_beta,2.3,normalized,study_data_D1_case2_congestion_withflex_v2_congpenalty(1).jl,
Generator,Common,Generator,G2,30,,cost_gamma,0,normalized,study_data_D1_case2_congestion_withflex_v2_congpenalty(1).jl,
Generator,Common,Generator,G3,34,,bus,34,bus,study_data_D1_case2_congestion_withflex_v2_congpenalty(1).jl,
Generator,Common,Generator,G3,34,,P_min,0,MW,study_data_D1_case2_congestion_withflex_v2_congpenalty(1).jl,
Generator,Common,Generator,G3,34,,P_max,220,MW,study_data_D1_case2_congestion_withflex_v2_congpenalty(1).jl,
Generator,Common,Generator,G3,34,,Q_min,-120,MVar,study_data_D1_case2_congestion_withflex_v2_congpenalty(1).jl,
Generator,Common,Generator,G3,34,,Q_max,120,MVar,study_data_D1_case2_congestion_withflex_v2_congpenalty(1).jl,
Generator,Common,Generator,G3,34,,ramp_up,9,MW/period,study_data_D1_case2_congestion_withflex_v2_congpenalty(1).jl,
Generator,Common,Generator,G3,34,,ramp_down,9,MW/period,study_data_D1_case2_congestion_withflex_v2_congpenalty(1).jl,
Generator,Common,Generator,G3,34,,cost_alpha,2.5,normalized,study_data_D1_case2_congestion_withflex_v2_congpenalty(1).jl,
Generator,Common,Generator,G3,34,,cost_beta,2.5,normalized,study_data_D1_case2_congestion_withflex_v2_congpenalty(1).jl,
Generator,Common,Generator,G3,34,,cost_gamma,0,normalized,study_data_D1_case2_congestion_withflex_v2_congpenalty(1).jl,
Generator,Common,Generator,G4,35,,bus,35,bus,study_data_D1_case2_congestion_withflex_v2_congpenalty(1).jl,
Generator,Common,Generator,G4,35,,P_min,0,MW,study_data_D1_case2_congestion_withflex_v2_congpenalty(1).jl,
Generator,Common,Generator,G4,35,,P_max,220,MW,study_data_D1_case2_congestion_withflex_v2_congpenalty(1).jl,
Generator,Common,Generator,G4,35,,Q_min,-120,MVar,study_data_D1_case2_congestion_withflex_v2_congpenalty(1).jl,
Generator,Common,Generator,G4,35,,Q_max,120,MVar,study_data_D1_case2_congestion_withflex_v2_congpenalty(1).jl,
Generator,Common,Generator,G4,35,,ramp_up,9,MW/period,study_data_D1_case2_congestion_withflex_v2_congpenalty(1).jl,
Generator,Common,Generator,G4,35,,ramp_down,9,MW/period,study_data_D1_case2_congestion_withflex_v2_congpenalty(1).jl,
Generator,Common,Generator,G4,35,,cost_alpha,2.5,normalized,study_data_D1_case2_congestion_withflex_v2_congpenalty(1).jl,
Generator,Common,Generator,G4,35,,cost_beta,2.5,normalized,study_data_D1_case2_congestion_withflex_v2_congpenalty(1).jl,
Generator,Common,Generator,G4,35,,cost_gamma,0,normalized,study_data_D1_case2_congestion_withflex_v2_congpenalty(1).jl,
Generator,Common,Generator,G5,36,,bus,36,bus,study_data_D1_case2_congestion_withflex_v2_congpenalty(1).jl,
Generator,Common,Generator,G5,36,,P_min,0,MW,study_data_D1_case2_congestion_withflex_v2_congpenalty(1).jl,
Generator,Common,Generator,G5,36,,P_max,200,MW,study_data_D1_case2_congestion_withflex_v2_congpenalty(1).jl,
Generator,Common,Generator,G5,36,,Q_min,-100,MVar,study_data_D1_case2_congestion_withflex_v2_congpenalty(1).jl,
Generator,Common,Generator,G5,36,,Q_max,100,MVar,study_data_D1_case2_congestion_withflex_v2_congpenalty(1).jl,
Generator,Common,Generator,G5,36,,ramp_up,8,MW/period,study_data_D1_case2_congestion_withflex_v2_congpenalty(1).jl,
Generator,Common,Generator,G5,36,,ramp_down,8,MW/period,study_data_D1_case2_congestion_withflex_v2_congpenalty(1).jl,
Generator,Common,Generator,G5,36,,cost_alpha,2.0,normalized,study_data_D1_case2_congestion_withflex_v2_congpenalty(1).jl,
Generator,Common,Generator,G5,36,,cost_beta,2.7,normalized,study_data_D1_case2_congestion_withflex_v2_congpenalty(1).jl,
Generator,Common,Generator,G5,36,,cost_gamma,0,normalized,study_data_D1_case2_congestion_withflex_v2_congpenalty(1).jl,
Generator,Common,Generator,G6,57,,bus,57,bus,study_data_D1_case2_congestion_withflex_v2_congpenalty(1).jl,
Generator,Common,Generator,G6,57,,P_min,0,MW,study_data_D1_case2_congestion_withflex_v2_congpenalty(1).jl,
Generator,Common,Generator,G6,57,,P_max,260,MW,study_data_D1_case2_congestion_withflex_v2_congpenalty(1).jl,
Generator,Common,Generator,G6,57,,Q_min,-150,MVar,study_data_D1_case2_congestion_withflex_v2_congpenalty(1).jl,
Generator,Common,Generator,G6,57,,Q_max,150,MVar,study_data_D1_case2_congestion_withflex_v2_congpenalty(1).jl,
Generator,Common,Generator,G6,57,,ramp_up,12,MW/period,study_data_D1_case2_congestion_withflex_v2_congpenalty(1).jl,
Generator,Common,Generator,G6,57,,ramp_down,12,MW/period,study_data_D1_case2_congestion_withflex_v2_congpenalty(1).jl,
Generator,Common,Generator,G6,57,,cost_alpha,8.8,normalized,study_data_D1_case2_congestion_withflex_v2_congpenalty(1).jl,
Generator,Common,Generator,G6,57,,cost_beta,2.3,normalized,study_data_D1_case2_congestion_withflex_v2_congpenalty(1).jl,
Generator,Common,Generator,G6,57,,cost_gamma,0,normalized,study_data_D1_case2_congestion_withflex_v2_congpenalty(1).jl,
Generator,Common,Generator,G7,78,,bus,78,bus,study_data_D1_case2_congestion_withflex_v2_congpenalty(1).jl,
Generator,Common,Generator,G7,78,,P_min,0,MW,study_data_D1_case2_congestion_withflex_v2_congpenalty(1).jl,
Generator,Common,Generator,G7,78,,P_max,250,MW,study_data_D1_case2_congestion_withflex_v2_congpenalty(1).jl,
Generator,Common,Generator,G7,78,,Q_min,-150,MVar,study_data_D1_case2_congestion_withflex_v2_congpenalty(1).jl,
Generator,Common,Generator,G7,78,,Q_max,150,MVar,study_data_D1_case2_congestion_withflex_v2_congpenalty(1).jl,
Generator,Common,Generator,G7,78,,ramp_up,12,MW/period,study_data_D1_case2_congestion_withflex_v2_congpenalty(1).jl,
Generator,Common,Generator,G7,78,,ramp_down,12,MW/period,study_data_D1_case2_congestion_withflex_v2_congpenalty(1).jl,
Generator,Common,Generator,G7,78,,cost_alpha,9.0,normalized,study_data_D1_case2_congestion_withflex_v2_congpenalty(1).jl,
Generator,Common,Generator,G7,78,,cost_beta,2.3,normalized,study_data_D1_case2_congestion_withflex_v2_congpenalty(1).jl,
Generator,Common,Generator,G7,78,,cost_gamma,0,normalized,study_data_D1_case2_congestion_withflex_v2_congpenalty(1).jl,
Generator,Common,Generator,G8,83,,bus,83,bus,study_data_D1_case2_congestion_withflex_v2_congpenalty(1).jl,
Generator,Common,Generator,G8,83,,P_min,0,MW,study_data_D1_case2_congestion_withflex_v2_congpenalty(1).jl,
Generator,Common,Generator,G8,83,,P_max,230,MW,study_data_D1_case2_congestion_withflex_v2_congpenalty(1).jl,
Generator,Common,Generator,G8,83,,Q_min,-120,MVar,study_data_D1_case2_congestion_withflex_v2_congpenalty(1).jl,
Generator,Common,Generator,G8,83,,Q_max,120,MVar,study_data_D1_case2_congestion_withflex_v2_congpenalty(1).jl,
Generator,Common,Generator,G8,83,,ramp_up,9,MW/period,study_data_D1_case2_congestion_withflex_v2_congpenalty(1).jl,
Generator,Common,Generator,G8,83,,ramp_down,9,MW/period,study_data_D1_case2_congestion_withflex_v2_congpenalty(1).jl,
Generator,Common,Generator,G8,83,,cost_alpha,9.4,normalized,study_data_D1_case2_congestion_withflex_v2_congpenalty(1).jl,
Generator,Common,Generator,G8,83,,cost_beta,2.5,normalized,study_data_D1_case2_congestion_withflex_v2_congpenalty(1).jl,
Generator,Common,Generator,G8,83,,cost_gamma,0,normalized,study_data_D1_case2_congestion_withflex_v2_congpenalty(1).jl,
Profile,Common,System,Load,,1,load_multiplier,0.38,p.u. multiplier,study_data_D1_case2_congestion_withflex_v2_congpenalty(1).jl,
Profile,Common,Renewable,Wind,,1,availability_multiplier,0.45,p.u. multiplier,study_data_D1_case2_congestion_withflex_v2_congpenalty(1).jl,
Profile,Common,Renewable,Solar,,1,availability_multiplier,0.35,p.u. multiplier,study_data_D1_case2_congestion_withflex_v2_congpenalty(1).jl,
Profile,Common,DataCenter,All,,1,fixed_workload_multiplier,0.55,multiplier,study_data_D1_case2_congestion_withflex_v2_congpenalty(1).jl,
Profile,Common,DataCenter,All,,1,shiftable_workload_multiplier,0.55,multiplier,study_data_D1_case2_congestion_withflex_v2_congpenalty(1).jl,
Profile,Common,System,Load,,2,load_multiplier,0.3,p.u. multiplier,study_data_D1_case2_congestion_withflex_v2_congpenalty(1).jl,
Profile,Common,Renewable,Wind,,2,availability_multiplier,0.52,p.u. multiplier,study_data_D1_case2_congestion_withflex_v2_congpenalty(1).jl,
Profile,Common,Renewable,Solar,,2,availability_multiplier,0.44,p.u. multiplier,study_data_D1_case2_congestion_withflex_v2_congpenalty(1).jl,
Profile,Common,DataCenter,All,,2,fixed_workload_multiplier,0.5,multiplier,study_data_D1_case2_congestion_withflex_v2_congpenalty(1).jl,
Profile,Common,DataCenter,All,,2,shiftable_workload_multiplier,0.5,multiplier,study_data_D1_case2_congestion_withflex_v2_congpenalty(1).jl,
Profile,Common,System,Load,,3,load_multiplier,0.25,p.u. multiplier,study_data_D1_case2_congestion_withflex_v2_congpenalty(1).jl,
Profile,Common,Renewable,Wind,,3,availability_multiplier,0.62,p.u. multiplier,study_data_D1_case2_congestion_withflex_v2_congpenalty(1).jl,
Profile,Common,Renewable,Solar,,3,availability_multiplier,0.58,p.u. multiplier,study_data_D1_case2_congestion_withflex_v2_congpenalty(1).jl,
Profile,Common,DataCenter,All,,3,fixed_workload_multiplier,0.5,multiplier,study_data_D1_case2_congestion_withflex_v2_congpenalty(1).jl,
Profile,Common,DataCenter,All,,3,shiftable_workload_multiplier,0.5,multiplier,study_data_D1_case2_congestion_withflex_v2_congpenalty(1).jl,
Profile,Common,System,Load,,4,load_multiplier,0.2,p.u. multiplier,study_data_D1_case2_congestion_withflex_v2_congpenalty(1).jl,
Profile,Common,Renewable,Wind,,4,availability_multiplier,0.78,p.u. multiplier,study_data_D1_case2_congestion_withflex_v2_congpenalty(1).jl,
Profile,Common,Renewable,Solar,,4,availability_multiplier,0.76,p.u. multiplier,study_data_D1_case2_congestion_withflex_v2_congpenalty(1).jl,
Profile,Common,DataCenter,All,,4,fixed_workload_multiplier,0.5,multiplier,study_data_D1_case2_congestion_withflex_v2_congpenalty(1).jl,
Profile,Common,DataCenter,All,,4,shiftable_workload_multiplier,0.5,multiplier,study_data_D1_case2_congestion_withflex_v2_congpenalty(1).jl,
Profile,Common,System,Load,,5,load_multiplier,0.25,p.u. multiplier,study_data_D1_case2_congestion_withflex_v2_congpenalty(1).jl,
Profile,Common,Renewable,Wind,,5,availability_multiplier,0.92,p.u. multiplier,study_data_D1_case2_congestion_withflex_v2_congpenalty(1).jl,
Profile,Common,Renewable,Solar,,5,availability_multiplier,0.9,p.u. multiplier,study_data_D1_case2_congestion_withflex_v2_congpenalty(1).jl,
Profile,Common,DataCenter,All,,5,fixed_workload_multiplier,0.48,multiplier,study_data_D1_case2_congestion_withflex_v2_congpenalty(1).jl,
Profile,Common,DataCenter,All,,5,shiftable_workload_multiplier,0.48,multiplier,study_data_D1_case2_congestion_withflex_v2_congpenalty(1).jl,
Profile,Common,System,Load,,6,load_multiplier,0.2,p.u. multiplier,study_data_D1_case2_congestion_withflex_v2_congpenalty(1).jl,
Profile,Common,Renewable,Wind,,6,availability_multiplier,0.98,p.u. multiplier,study_data_D1_case2_congestion_withflex_v2_congpenalty(1).jl,
Profile,Common,Renewable,Solar,,6,availability_multiplier,0.96,p.u. multiplier,study_data_D1_case2_congestion_withflex_v2_congpenalty(1).jl,
Profile,Common,DataCenter,All,,6,fixed_workload_multiplier,0.46,multiplier,study_data_D1_case2_congestion_withflex_v2_congpenalty(1).jl,
Profile,Common,DataCenter,All,,6,shiftable_workload_multiplier,0.46,multiplier,study_data_D1_case2_congestion_withflex_v2_congpenalty(1).jl,
Renewable,Common,Wind,W1,3,,bus,3,bus,study_data_D1_case2_congestion_withflex_v2_congpenalty(1).jl,
Renewable,Common,Wind,W1,3,,capacity,170,MW,study_data_D1_case2_congestion_withflex_v2_congpenalty(1).jl,
RenewableAvailability,Common,Wind,W1,3,1,available_power,76.5,MW,study_data_D1_case2_congestion_withflex_v2_congpenalty(1).jl,
RenewableAvailability,Common,Wind,W1,3,2,available_power,88.4,MW,study_data_D1_case2_congestion_withflex_v2_congpenalty(1).jl,
RenewableAvailability,Common,Wind,W1,3,3,available_power,105.4,MW,study_data_D1_case2_congestion_withflex_v2_congpenalty(1).jl,
RenewableAvailability,Common,Wind,W1,3,4,available_power,132.6,MW,study_data_D1_case2_congestion_withflex_v2_congpenalty(1).jl,
RenewableAvailability,Common,Wind,W1,3,5,available_power,156.4,MW,study_data_D1_case2_congestion_withflex_v2_congpenalty(1).jl,
RenewableAvailability,Common,Wind,W1,3,6,available_power,166.6,MW,study_data_D1_case2_congestion_withflex_v2_congpenalty(1).jl,
Renewable,Common,Wind,W2,4,,bus,4,bus,study_data_D1_case2_congestion_withflex_v2_congpenalty(1).jl,
Renewable,Common,Wind,W2,4,,capacity,170,MW,study_data_D1_case2_congestion_withflex_v2_congpenalty(1).jl,
RenewableAvailability,Common,Wind,W2,4,1,available_power,76.5,MW,study_data_D1_case2_congestion_withflex_v2_congpenalty(1).jl,
RenewableAvailability,Common,Wind,W2,4,2,available_power,88.4,MW,study_data_D1_case2_congestion_withflex_v2_congpenalty(1).jl,
RenewableAvailability,Common,Wind,W2,4,3,available_power,105.4,MW,study_data_D1_case2_congestion_withflex_v2_congpenalty(1).jl,
RenewableAvailability,Common,Wind,W2,4,4,available_power,132.6,MW,study_data_D1_case2_congestion_withflex_v2_congpenalty(1).jl,
RenewableAvailability,Common,Wind,W2,4,5,available_power,156.4,MW,study_data_D1_case2_congestion_withflex_v2_congpenalty(1).jl,
RenewableAvailability,Common,Wind,W2,4,6,available_power,166.6,MW,study_data_D1_case2_congestion_withflex_v2_congpenalty(1).jl,
Renewable,Common,Wind,W3,16,,bus,16,bus,study_data_D1_case2_congestion_withflex_v2_congpenalty(1).jl,
Renewable,Common,Wind,W3,16,,capacity,150,MW,study_data_D1_case2_congestion_withflex_v2_congpenalty(1).jl,
RenewableAvailability,Common,Wind,W3,16,1,available_power,67.5,MW,study_data_D1_case2_congestion_withflex_v2_congpenalty(1).jl,
RenewableAvailability,Common,Wind,W3,16,2,available_power,78.0,MW,study_data_D1_case2_congestion_withflex_v2_congpenalty(1).jl,
RenewableAvailability,Common,Wind,W3,16,3,available_power,93.0,MW,study_data_D1_case2_congestion_withflex_v2_congpenalty(1).jl,
RenewableAvailability,Common,Wind,W3,16,4,available_power,117.0,MW,study_data_D1_case2_congestion_withflex_v2_congpenalty(1).jl,
RenewableAvailability,Common,Wind,W3,16,5,available_power,138.0,MW,study_data_D1_case2_congestion_withflex_v2_congpenalty(1).jl,
RenewableAvailability,Common,Wind,W3,16,6,available_power,147.0,MW,study_data_D1_case2_congestion_withflex_v2_congpenalty(1).jl,
Renewable,Common,Wind,W4,32,,bus,32,bus,study_data_D1_case2_congestion_withflex_v2_congpenalty(1).jl,
Renewable,Common,Wind,W4,32,,capacity,150,MW,study_data_D1_case2_congestion_withflex_v2_congpenalty(1).jl,
RenewableAvailability,Common,Wind,W4,32,1,available_power,67.5,MW,study_data_D1_case2_congestion_withflex_v2_congpenalty(1).jl,
RenewableAvailability,Common,Wind,W4,32,2,available_power,78.0,MW,study_data_D1_case2_congestion_withflex_v2_congpenalty(1).jl,
RenewableAvailability,Common,Wind,W4,32,3,available_power,93.0,MW,study_data_D1_case2_congestion_withflex_v2_congpenalty(1).jl,
RenewableAvailability,Common,Wind,W4,32,4,available_power,117.0,MW,study_data_D1_case2_congestion_withflex_v2_congpenalty(1).jl,
RenewableAvailability,Common,Wind,W4,32,5,available_power,138.0,MW,study_data_D1_case2_congestion_withflex_v2_congpenalty(1).jl,
RenewableAvailability,Common,Wind,W4,32,6,available_power,147.0,MW,study_data_D1_case2_congestion_withflex_v2_congpenalty(1).jl,
Renewable,Common,Wind,W5,39,,bus,39,bus,study_data_D1_case2_congestion_withflex_v2_congpenalty(1).jl,
Renewable,Common,Wind,W5,39,,capacity,135,MW,study_data_D1_case2_congestion_withflex_v2_congpenalty(1).jl,
RenewableAvailability,Common,Wind,W5,39,1,available_power,60.75,MW,study_data_D1_case2_congestion_withflex_v2_congpenalty(1).jl,
RenewableAvailability,Common,Wind,W5,39,2,available_power,70.2,MW,study_data_D1_case2_congestion_withflex_v2_congpenalty(1).jl,
RenewableAvailability,Common,Wind,W5,39,3,available_power,83.7,MW,study_data_D1_case2_congestion_withflex_v2_congpenalty(1).jl,
RenewableAvailability,Common,Wind,W5,39,4,available_power,105.3,MW,study_data_D1_case2_congestion_withflex_v2_congpenalty(1).jl,
RenewableAvailability,Common,Wind,W5,39,5,available_power,124.2,MW,study_data_D1_case2_congestion_withflex_v2_congpenalty(1).jl,
RenewableAvailability,Common,Wind,W5,39,6,available_power,132.3,MW,study_data_D1_case2_congestion_withflex_v2_congpenalty(1).jl,
Renewable,Common,Wind,W6,100,,bus,100,bus,study_data_D1_case2_congestion_withflex_v2_congpenalty(1).jl,
Renewable,Common,Wind,W6,100,,capacity,145,MW,study_data_D1_case2_congestion_withflex_v2_congpenalty(1).jl,
RenewableAvailability,Common,Wind,W6,100,1,available_power,65.25,MW,study_data_D1_case2_congestion_withflex_v2_congpenalty(1).jl,
RenewableAvailability,Common,Wind,W6,100,2,available_power,75.4,MW,study_data_D1_case2_congestion_withflex_v2_congpenalty(1).jl,
RenewableAvailability,Common,Wind,W6,100,3,available_power,89.9,MW,study_data_D1_case2_congestion_withflex_v2_congpenalty(1).jl,
RenewableAvailability,Common,Wind,W6,100,4,available_power,113.1,MW,study_data_D1_case2_congestion_withflex_v2_congpenalty(1).jl,
RenewableAvailability,Common,Wind,W6,100,5,available_power,133.4,MW,study_data_D1_case2_congestion_withflex_v2_congpenalty(1).jl,
RenewableAvailability,Common,Wind,W6,100,6,available_power,142.1,MW,study_data_D1_case2_congestion_withflex_v2_congpenalty(1).jl,
Renewable,Common,Wind,W7,37,,bus,37,bus,study_data_D1_case2_congestion_withflex_v2_congpenalty(1).jl,
Renewable,Common,Wind,W7,37,,capacity,220,MW,study_data_D1_case2_congestion_withflex_v2_congpenalty(1).jl,
RenewableAvailability,Common,Wind,W7,37,1,available_power,99.0,MW,study_data_D1_case2_congestion_withflex_v2_congpenalty(1).jl,
RenewableAvailability,Common,Wind,W7,37,2,available_power,114.4,MW,study_data_D1_case2_congestion_withflex_v2_congpenalty(1).jl,
RenewableAvailability,Common,Wind,W7,37,3,available_power,136.4,MW,study_data_D1_case2_congestion_withflex_v2_congpenalty(1).jl,
RenewableAvailability,Common,Wind,W7,37,4,available_power,171.6,MW,study_data_D1_case2_congestion_withflex_v2_congpenalty(1).jl,
RenewableAvailability,Common,Wind,W7,37,5,available_power,202.4,MW,study_data_D1_case2_congestion_withflex_v2_congpenalty(1).jl,
RenewableAvailability,Common,Wind,W7,37,6,available_power,215.6,MW,study_data_D1_case2_congestion_withflex_v2_congpenalty(1).jl,
Renewable,Common,Solar,PV1,2,,bus,2,bus,study_data_D1_case2_congestion_withflex_v2_congpenalty(1).jl,
Renewable,Common,Solar,PV1,2,,capacity,115,MW,study_data_D1_case2_congestion_withflex_v2_congpenalty(1).jl,
RenewableAvailability,Common,Solar,PV1,2,1,available_power,40.25,MW,study_data_D1_case2_congestion_withflex_v2_congpenalty(1).jl,
RenewableAvailability,Common,Solar,PV1,2,2,available_power,50.6,MW,study_data_D1_case2_congestion_withflex_v2_congpenalty(1).jl,
RenewableAvailability,Common,Solar,PV1,2,3,available_power,66.7,MW,study_data_D1_case2_congestion_withflex_v2_congpenalty(1).jl,
RenewableAvailability,Common,Solar,PV1,2,4,available_power,87.4,MW,study_data_D1_case2_congestion_withflex_v2_congpenalty(1).jl,
RenewableAvailability,Common,Solar,PV1,2,5,available_power,103.5,MW,study_data_D1_case2_congestion_withflex_v2_congpenalty(1).jl,
RenewableAvailability,Common,Solar,PV1,2,6,available_power,110.4,MW,study_data_D1_case2_congestion_withflex_v2_congpenalty(1).jl,
Renewable,Common,Solar,PV2,24,,bus,24,bus,study_data_D1_case2_congestion_withflex_v2_congpenalty(1).jl,
Renewable,Common,Solar,PV2,24,,capacity,210,MW,study_data_D1_case2_congestion_withflex_v2_congpenalty(1).jl,
RenewableAvailability,Common,Solar,PV2,24,1,available_power,73.5,MW,study_data_D1_case2_congestion_withflex_v2_congpenalty(1).jl,
RenewableAvailability,Common,Solar,PV2,24,2,available_power,92.4,MW,study_data_D1_case2_congestion_withflex_v2_congpenalty(1).jl,
RenewableAvailability,Common,Solar,PV2,24,3,available_power,121.8,MW,study_data_D1_case2_congestion_withflex_v2_congpenalty(1).jl,
RenewableAvailability,Common,Solar,PV2,24,4,available_power,159.6,MW,study_data_D1_case2_congestion_withflex_v2_congpenalty(1).jl,
RenewableAvailability,Common,Solar,PV2,24,5,available_power,189.0,MW,study_data_D1_case2_congestion_withflex_v2_congpenalty(1).jl,
RenewableAvailability,Common,Solar,PV2,24,6,available_power,201.6,MW,study_data_D1_case2_congestion_withflex_v2_congpenalty(1).jl,
Renewable,Common,Solar,PV3,27,,bus,27,bus,study_data_D1_case2_congestion_withflex_v2_congpenalty(1).jl,
Renewable,Common,Solar,PV3,27,,capacity,100,MW,study_data_D1_case2_congestion_withflex_v2_congpenalty(1).jl,
RenewableAvailability,Common,Solar,PV3,27,1,available_power,35.0,MW,study_data_D1_case2_congestion_withflex_v2_congpenalty(1).jl,
RenewableAvailability,Common,Solar,PV3,27,2,available_power,44.0,MW,study_data_D1_case2_congestion_withflex_v2_congpenalty(1).jl,
RenewableAvailability,Common,Solar,PV3,27,3,available_power,58.0,MW,study_data_D1_case2_congestion_withflex_v2_congpenalty(1).jl,
RenewableAvailability,Common,Solar,PV3,27,4,available_power,76.0,MW,study_data_D1_case2_congestion_withflex_v2_congpenalty(1).jl,
RenewableAvailability,Common,Solar,PV3,27,5,available_power,90.0,MW,study_data_D1_case2_congestion_withflex_v2_congpenalty(1).jl,
RenewableAvailability,Common,Solar,PV3,27,6,available_power,96.0,MW,study_data_D1_case2_congestion_withflex_v2_congpenalty(1).jl,
Renewable,Common,Solar,PV4,63,,bus,63,bus,study_data_D1_case2_congestion_withflex_v2_congpenalty(1).jl,
Renewable,Common,Solar,PV4,63,,capacity,110,MW,study_data_D1_case2_congestion_withflex_v2_congpenalty(1).jl,
RenewableAvailability,Common,Solar,PV4,63,1,available_power,38.5,MW,study_data_D1_case2_congestion_withflex_v2_congpenalty(1).jl,
RenewableAvailability,Common,Solar,PV4,63,2,available_power,48.4,MW,study_data_D1_case2_congestion_withflex_v2_congpenalty(1).jl,
RenewableAvailability,Common,Solar,PV4,63,3,available_power,63.8,MW,study_data_D1_case2_congestion_withflex_v2_congpenalty(1).jl,
RenewableAvailability,Common,Solar,PV4,63,4,available_power,83.6,MW,study_data_D1_case2_congestion_withflex_v2_congpenalty(1).jl,
RenewableAvailability,Common,Solar,PV4,63,5,available_power,99.0,MW,study_data_D1_case2_congestion_withflex_v2_congpenalty(1).jl,
RenewableAvailability,Common,Solar,PV4,63,6,available_power,105.6,MW,study_data_D1_case2_congestion_withflex_v2_congpenalty(1).jl,
Renewable,Common,Solar,PV5,110,,bus,110,bus,study_data_D1_case2_congestion_withflex_v2_congpenalty(1).jl,
Renewable,Common,Solar,PV5,110,,capacity,125,MW,study_data_D1_case2_congestion_withflex_v2_congpenalty(1).jl,
RenewableAvailability,Common,Solar,PV5,110,1,available_power,43.75,MW,study_data_D1_case2_congestion_withflex_v2_congpenalty(1).jl,
RenewableAvailability,Common,Solar,PV5,110,2,available_power,55.0,MW,study_data_D1_case2_congestion_withflex_v2_congpenalty(1).jl,
RenewableAvailability,Common,Solar,PV5,110,3,available_power,72.5,MW,study_data_D1_case2_congestion_withflex_v2_congpenalty(1).jl,
RenewableAvailability,Common,Solar,PV5,110,4,available_power,95.0,MW,study_data_D1_case2_congestion_withflex_v2_congpenalty(1).jl,
RenewableAvailability,Common,Solar,PV5,110,5,available_power,112.5,MW,study_data_D1_case2_congestion_withflex_v2_congpenalty(1).jl,
RenewableAvailability,Common,Solar,PV5,110,6,available_power,120.0,MW,study_data_D1_case2_congestion_withflex_v2_congpenalty(1).jl,
RenewableAvailability,Common,RenewableTotal,WindTotal,,1,available_power,513.0,MW,study_data_D1_case2_congestion_withflex_v2_congpenalty(1).jl,
RenewableAvailability,Common,RenewableTotal,SolarTotal,,1,available_power,231.0,MW,study_data_D1_case2_congestion_withflex_v2_congpenalty(1).jl,
RenewableAvailability,Common,RenewableTotal,Total,,1,available_power,744.0,MW,study_data_D1_case2_congestion_withflex_v2_congpenalty(1).jl,
RenewableAvailability,Common,RenewableTotal,WindTotal,,2,available_power,592.8,MW,study_data_D1_case2_congestion_withflex_v2_congpenalty(1).jl,
RenewableAvailability,Common,RenewableTotal,SolarTotal,,2,available_power,290.4,MW,study_data_D1_case2_congestion_withflex_v2_congpenalty(1).jl,
RenewableAvailability,Common,RenewableTotal,Total,,2,available_power,883.2,MW,study_data_D1_case2_congestion_withflex_v2_congpenalty(1).jl,
RenewableAvailability,Common,RenewableTotal,WindTotal,,3,available_power,706.8,MW,study_data_D1_case2_congestion_withflex_v2_congpenalty(1).jl,
RenewableAvailability,Common,RenewableTotal,SolarTotal,,3,available_power,382.8,MW,study_data_D1_case2_congestion_withflex_v2_congpenalty(1).jl,
RenewableAvailability,Common,RenewableTotal,Total,,3,available_power,1089.6,MW,study_data_D1_case2_congestion_withflex_v2_congpenalty(1).jl,
RenewableAvailability,Common,RenewableTotal,WindTotal,,4,available_power,889.2,MW,study_data_D1_case2_congestion_withflex_v2_congpenalty(1).jl,
RenewableAvailability,Common,RenewableTotal,SolarTotal,,4,available_power,501.6,MW,study_data_D1_case2_congestion_withflex_v2_congpenalty(1).jl,
RenewableAvailability,Common,RenewableTotal,Total,,4,available_power,1390.8,MW,study_data_D1_case2_congestion_withflex_v2_congpenalty(1).jl,
RenewableAvailability,Common,RenewableTotal,WindTotal,,5,available_power,1048.8,MW,study_data_D1_case2_congestion_withflex_v2_congpenalty(1).jl,
RenewableAvailability,Common,RenewableTotal,SolarTotal,,5,available_power,594.0,MW,study_data_D1_case2_congestion_withflex_v2_congpenalty(1).jl,
RenewableAvailability,Common,RenewableTotal,Total,,5,available_power,1642.8,MW,study_data_D1_case2_congestion_withflex_v2_congpenalty(1).jl,
RenewableAvailability,Common,RenewableTotal,WindTotal,,6,available_power,1117.2,MW,study_data_D1_case2_congestion_withflex_v2_congpenalty(1).jl,
RenewableAvailability,Common,RenewableTotal,SolarTotal,,6,available_power,633.6,MW,study_data_D1_case2_congestion_withflex_v2_congpenalty(1).jl,
RenewableAvailability,Common,RenewableTotal,Total,,6,available_power,1750.8,MW,study_data_D1_case2_congestion_withflex_v2_congpenalty(1).jl,
DataCenter,Common,DataCenter,DC1,21,,bus,21,bus,study_data_D1_case2_congestion_withflex_v2_congpenalty(1).jl,
DataCenter,Common,DataCenter,DC1,21,,processing_capacity_Lmax,850,workload units,study_data_D1_case2_congestion_withflex_v2_congpenalty(1).jl,
DataCenter,Common,DataCenter,DC1,21,,workload_to_power_Kdc,0.14,MW/workload,study_data_D1_case2_congestion_withflex_v2_congpenalty(1).jl,Implemented numerical case-study coefficient.
DataCenter,Common,DataCenter,DC1,21,,idle_power,18,MW,study_data_D1_case2_congestion_withflex_v2_congpenalty(1).jl,
DataCenter,Common,DataCenter,DC1,21,,PCC_apparent_power_limit,140,MVA,study_data_D1_case2_congestion_withflex_v2_congpenalty(1).jl,
DataCenter,Common,DataCenter,DC1,21,,minimum_power_factor,0.95,p.u.,study_data_D1_case2_congestion_withflex_v2_congpenalty(1).jl,
DataCenter,Common,DataCenter,DC1,21,,base_fixed_workload,480,workload units,study_data_D1_case2_congestion_withflex_v2_congpenalty(1).jl,
DataCenter,Common,DataCenter,DC1,21,,base_shiftable_workload,585,workload units,study_data_D1_case2_congestion_withflex_v2_congpenalty(1).jl,
DataCenter,Common,DataCenter,DC1,21,,max_delay,3,10-minute periods,study_data_D1_case2_congestion_withflex_v2_congpenalty(1).jl,
WorkloadInput,Common,DataCenter,DC1,21,1,fixed_workload_arrival,264.0,workload units,study_data_D1_case2_congestion_withflex_v2_congpenalty(1).jl,
WorkloadInput,Common,DataCenter,DC1,21,1,shiftable_workload_arrival,321.75,workload units,study_data_D1_case2_congestion_withflex_v2_congpenalty(1).jl,
WorkloadInput,Common,DataCenter,DC1,21,1,total_original_workload_arrival,585.75,workload units,study_data_D1_case2_congestion_withflex_v2_congpenalty(1).jl,
WorkloadInput,Common,DataCenter,DC1,21,1,nominal_original_active_power,100.005,MW,study_data_D1_case2_congestion_withflex_v2_congpenalty(1).jl,Calculated as P_idle + Kdc*(fixed + shiftable workload) before migration/delay.
WorkloadInput,Common,DataCenter,DC1,21,2,fixed_workload_arrival,240.0,workload units,study_data_D1_case2_congestion_withflex_v2_congpenalty(1).jl,
WorkloadInput,Common,DataCenter,DC1,21,2,shiftable_workload_arrival,292.5,workload units,study_data_D1_case2_congestion_withflex_v2_congpenalty(1).jl,
WorkloadInput,Common,DataCenter,DC1,21,2,total_original_workload_arrival,532.5,workload units,study_data_D1_case2_congestion_withflex_v2_congpenalty(1).jl,
WorkloadInput,Common,DataCenter,DC1,21,2,nominal_original_active_power,92.55,MW,study_data_D1_case2_congestion_withflex_v2_congpenalty(1).jl,Calculated as P_idle + Kdc*(fixed + shiftable workload) before migration/delay.
WorkloadInput,Common,DataCenter,DC1,21,3,fixed_workload_arrival,240.0,workload units,study_data_D1_case2_congestion_withflex_v2_congpenalty(1).jl,
WorkloadInput,Common,DataCenter,DC1,21,3,shiftable_workload_arrival,292.5,workload units,study_data_D1_case2_congestion_withflex_v2_congpenalty(1).jl,
WorkloadInput,Common,DataCenter,DC1,21,3,total_original_workload_arrival,532.5,workload units,study_data_D1_case2_congestion_withflex_v2_congpenalty(1).jl,
WorkloadInput,Common,DataCenter,DC1,21,3,nominal_original_active_power,92.55,MW,study_data_D1_case2_congestion_withflex_v2_congpenalty(1).jl,Calculated as P_idle + Kdc*(fixed + shiftable workload) before migration/delay.
WorkloadInput,Common,DataCenter,DC1,21,4,fixed_workload_arrival,240.0,workload units,study_data_D1_case2_congestion_withflex_v2_congpenalty(1).jl,
WorkloadInput,Common,DataCenter,DC1,21,4,shiftable_workload_arrival,292.5,workload units,study_data_D1_case2_congestion_withflex_v2_congpenalty(1).jl,
WorkloadInput,Common,DataCenter,DC1,21,4,total_original_workload_arrival,532.5,workload units,study_data_D1_case2_congestion_withflex_v2_congpenalty(1).jl,
WorkloadInput,Common,DataCenter,DC1,21,4,nominal_original_active_power,92.55,MW,study_data_D1_case2_congestion_withflex_v2_congpenalty(1).jl,Calculated as P_idle + Kdc*(fixed + shiftable workload) before migration/delay.
WorkloadInput,Common,DataCenter,DC1,21,5,fixed_workload_arrival,230.4,workload units,study_data_D1_case2_congestion_withflex_v2_congpenalty(1).jl,
WorkloadInput,Common,DataCenter,DC1,21,5,shiftable_workload_arrival,280.8,workload units,study_data_D1_case2_congestion_withflex_v2_congpenalty(1).jl,
WorkloadInput,Common,DataCenter,DC1,21,5,total_original_workload_arrival,511.2,workload units,study_data_D1_case2_congestion_withflex_v2_congpenalty(1).jl,
WorkloadInput,Common,DataCenter,DC1,21,5,nominal_original_active_power,89.568,MW,study_data_D1_case2_congestion_withflex_v2_congpenalty(1).jl,Calculated as P_idle + Kdc*(fixed + shiftable workload) before migration/delay.
WorkloadInput,Common,DataCenter,DC1,21,6,fixed_workload_arrival,220.8,workload units,study_data_D1_case2_congestion_withflex_v2_congpenalty(1).jl,
WorkloadInput,Common,DataCenter,DC1,21,6,shiftable_workload_arrival,269.1,workload units,study_data_D1_case2_congestion_withflex_v2_congpenalty(1).jl,
WorkloadInput,Common,DataCenter,DC1,21,6,total_original_workload_arrival,489.9,workload units,study_data_D1_case2_congestion_withflex_v2_congpenalty(1).jl,
WorkloadInput,Common,DataCenter,DC1,21,6,nominal_original_active_power,86.586,MW,study_data_D1_case2_congestion_withflex_v2_congpenalty(1).jl,Calculated as P_idle + Kdc*(fixed + shiftable workload) before migration/delay.
DataCenter,Common,DataCenter,DC2,24,,bus,24,bus,study_data_D1_case2_congestion_withflex_v2_congpenalty(1).jl,
DataCenter,Common,DataCenter,DC2,24,,processing_capacity_Lmax,900,workload units,study_data_D1_case2_congestion_withflex_v2_congpenalty(1).jl,
DataCenter,Common,DataCenter,DC2,24,,workload_to_power_Kdc,0.14,MW/workload,study_data_D1_case2_congestion_withflex_v2_congpenalty(1).jl,Implemented numerical case-study coefficient.
DataCenter,Common,DataCenter,DC2,24,,idle_power,18,MW,study_data_D1_case2_congestion_withflex_v2_congpenalty(1).jl,
DataCenter,Common,DataCenter,DC2,24,,PCC_apparent_power_limit,160,MVA,study_data_D1_case2_congestion_withflex_v2_congpenalty(1).jl,
DataCenter,Common,DataCenter,DC2,24,,minimum_power_factor,0.95,p.u.,study_data_D1_case2_congestion_withflex_v2_congpenalty(1).jl,
DataCenter,Common,DataCenter,DC2,24,,base_fixed_workload,250,workload units,study_data_D1_case2_congestion_withflex_v2_congpenalty(1).jl,
DataCenter,Common,DataCenter,DC2,24,,base_shiftable_workload,166,workload units,study_data_D1_case2_congestion_withflex_v2_congpenalty(1).jl,
DataCenter,Common,DataCenter,DC2,24,,max_delay,3,10-minute periods,study_data_D1_case2_congestion_withflex_v2_congpenalty(1).jl,
WorkloadInput,Common,DataCenter,DC2,24,1,fixed_workload_arrival,137.5,workload units,study_data_D1_case2_congestion_withflex_v2_congpenalty(1).jl,
WorkloadInput,Common,DataCenter,DC2,24,1,shiftable_workload_arrival,91.3,workload units,study_data_D1_case2_congestion_withflex_v2_congpenalty(1).jl,
WorkloadInput,Common,DataCenter,DC2,24,1,total_original_workload_arrival,228.8,workload units,study_data_D1_case2_congestion_withflex_v2_congpenalty(1).jl,
WorkloadInput,Common,DataCenter,DC2,24,1,nominal_original_active_power,50.032,MW,study_data_D1_case2_congestion_withflex_v2_congpenalty(1).jl,Calculated as P_idle + Kdc*(fixed + shiftable workload) before migration/delay.
WorkloadInput,Common,DataCenter,DC2,24,2,fixed_workload_arrival,125.0,workload units,study_data_D1_case2_congestion_withflex_v2_congpenalty(1).jl,
WorkloadInput,Common,DataCenter,DC2,24,2,shiftable_workload_arrival,83.0,workload units,study_data_D1_case2_congestion_withflex_v2_congpenalty(1).jl,
WorkloadInput,Common,DataCenter,DC2,24,2,total_original_workload_arrival,208.0,workload units,study_data_D1_case2_congestion_withflex_v2_congpenalty(1).jl,
WorkloadInput,Common,DataCenter,DC2,24,2,nominal_original_active_power,47.12,MW,study_data_D1_case2_congestion_withflex_v2_congpenalty(1).jl,Calculated as P_idle + Kdc*(fixed + shiftable workload) before migration/delay.
WorkloadInput,Common,DataCenter,DC2,24,3,fixed_workload_arrival,125.0,workload units,study_data_D1_case2_congestion_withflex_v2_congpenalty(1).jl,
WorkloadInput,Common,DataCenter,DC2,24,3,shiftable_workload_arrival,83.0,workload units,study_data_D1_case2_congestion_withflex_v2_congpenalty(1).jl,
WorkloadInput,Common,DataCenter,DC2,24,3,total_original_workload_arrival,208.0,workload units,study_data_D1_case2_congestion_withflex_v2_congpenalty(1).jl,
WorkloadInput,Common,DataCenter,DC2,24,3,nominal_original_active_power,47.12,MW,study_data_D1_case2_congestion_withflex_v2_congpenalty(1).jl,Calculated as P_idle + Kdc*(fixed + shiftable workload) before migration/delay.
WorkloadInput,Common,DataCenter,DC2,24,4,fixed_workload_arrival,125.0,workload units,study_data_D1_case2_congestion_withflex_v2_congpenalty(1).jl,
WorkloadInput,Common,DataCenter,DC2,24,4,shiftable_workload_arrival,83.0,workload units,study_data_D1_case2_congestion_withflex_v2_congpenalty(1).jl,
WorkloadInput,Common,DataCenter,DC2,24,4,total_original_workload_arrival,208.0,workload units,study_data_D1_case2_congestion_withflex_v2_congpenalty(1).jl,
WorkloadInput,Common,DataCenter,DC2,24,4,nominal_original_active_power,47.12,MW,study_data_D1_case2_congestion_withflex_v2_congpenalty(1).jl,Calculated as P_idle + Kdc*(fixed + shiftable workload) before migration/delay.
WorkloadInput,Common,DataCenter,DC2,24,5,fixed_workload_arrival,120.0,workload units,study_data_D1_case2_congestion_withflex_v2_congpenalty(1).jl,
WorkloadInput,Common,DataCenter,DC2,24,5,shiftable_workload_arrival,79.68,workload units,study_data_D1_case2_congestion_withflex_v2_congpenalty(1).jl,
WorkloadInput,Common,DataCenter,DC2,24,5,total_original_workload_arrival,199.68,workload units,study_data_D1_case2_congestion_withflex_v2_congpenalty(1).jl,
WorkloadInput,Common,DataCenter,DC2,24,5,nominal_original_active_power,45.9552,MW,study_data_D1_case2_congestion_withflex_v2_congpenalty(1).jl,Calculated as P_idle + Kdc*(fixed + shiftable workload) before migration/delay.
WorkloadInput,Common,DataCenter,DC2,24,6,fixed_workload_arrival,115.0,workload units,study_data_D1_case2_congestion_withflex_v2_congpenalty(1).jl,
WorkloadInput,Common,DataCenter,DC2,24,6,shiftable_workload_arrival,76.36,workload units,study_data_D1_case2_congestion_withflex_v2_congpenalty(1).jl,
WorkloadInput,Common,DataCenter,DC2,24,6,total_original_workload_arrival,191.36,workload units,study_data_D1_case2_congestion_withflex_v2_congpenalty(1).jl,
WorkloadInput,Common,DataCenter,DC2,24,6,nominal_original_active_power,44.7904,MW,study_data_D1_case2_congestion_withflex_v2_congpenalty(1).jl,Calculated as P_idle + Kdc*(fixed + shiftable workload) before migration/delay.
DataCenter,Common,DataCenter,DC3,14,,bus,14,bus,study_data_D1_case2_congestion_withflex_v2_congpenalty(1).jl,
DataCenter,Common,DataCenter,DC3,14,,processing_capacity_Lmax,850,workload units,study_data_D1_case2_congestion_withflex_v2_congpenalty(1).jl,
DataCenter,Common,DataCenter,DC3,14,,workload_to_power_Kdc,0.14,MW/workload,study_data_D1_case2_congestion_withflex_v2_congpenalty(1).jl,Implemented numerical case-study coefficient.
DataCenter,Common,DataCenter,DC3,14,,idle_power,17,MW,study_data_D1_case2_congestion_withflex_v2_congpenalty(1).jl,
DataCenter,Common,DataCenter,DC3,14,,PCC_apparent_power_limit,140,MVA,study_data_D1_case2_congestion_withflex_v2_congpenalty(1).jl,
DataCenter,Common,DataCenter,DC3,14,,minimum_power_factor,0.95,p.u.,study_data_D1_case2_congestion_withflex_v2_congpenalty(1).jl,
DataCenter,Common,DataCenter,DC3,14,,base_fixed_workload,485,workload units,study_data_D1_case2_congestion_withflex_v2_congpenalty(1).jl,
DataCenter,Common,DataCenter,DC3,14,,base_shiftable_workload,593,workload units,study_data_D1_case2_congestion_withflex_v2_congpenalty(1).jl,
DataCenter,Common,DataCenter,DC3,14,,max_delay,3,10-minute periods,study_data_D1_case2_congestion_withflex_v2_congpenalty(1).jl,
WorkloadInput,Common,DataCenter,DC3,14,1,fixed_workload_arrival,266.75,workload units,study_data_D1_case2_congestion_withflex_v2_congpenalty(1).jl,
WorkloadInput,Common,DataCenter,DC3,14,1,shiftable_workload_arrival,326.15,workload units,study_data_D1_case2_congestion_withflex_v2_congpenalty(1).jl,
WorkloadInput,Common,DataCenter,DC3,14,1,total_original_workload_arrival,592.9,workload units,study_data_D1_case2_congestion_withflex_v2_congpenalty(1).jl,
WorkloadInput,Common,DataCenter,DC3,14,1,nominal_original_active_power,100.006,MW,study_data_D1_case2_congestion_withflex_v2_congpenalty(1).jl,Calculated as P_idle + Kdc*(fixed + shiftable workload) before migration/delay.
WorkloadInput,Common,DataCenter,DC3,14,2,fixed_workload_arrival,242.5,workload units,study_data_D1_case2_congestion_withflex_v2_congpenalty(1).jl,
WorkloadInput,Common,DataCenter,DC3,14,2,shiftable_workload_arrival,296.5,workload units,study_data_D1_case2_congestion_withflex_v2_congpenalty(1).jl,
WorkloadInput,Common,DataCenter,DC3,14,2,total_original_workload_arrival,539.0,workload units,study_data_D1_case2_congestion_withflex_v2_congpenalty(1).jl,
WorkloadInput,Common,DataCenter,DC3,14,2,nominal_original_active_power,92.46,MW,study_data_D1_case2_congestion_withflex_v2_congpenalty(1).jl,Calculated as P_idle + Kdc*(fixed + shiftable workload) before migration/delay.
WorkloadInput,Common,DataCenter,DC3,14,3,fixed_workload_arrival,242.5,workload units,study_data_D1_case2_congestion_withflex_v2_congpenalty(1).jl,
WorkloadInput,Common,DataCenter,DC3,14,3,shiftable_workload_arrival,296.5,workload units,study_data_D1_case2_congestion_withflex_v2_congpenalty(1).jl,
WorkloadInput,Common,DataCenter,DC3,14,3,total_original_workload_arrival,539.0,workload units,study_data_D1_case2_congestion_withflex_v2_congpenalty(1).jl,
WorkloadInput,Common,DataCenter,DC3,14,3,nominal_original_active_power,92.46,MW,study_data_D1_case2_congestion_withflex_v2_congpenalty(1).jl,Calculated as P_idle + Kdc*(fixed + shiftable workload) before migration/delay.
WorkloadInput,Common,DataCenter,DC3,14,4,fixed_workload_arrival,242.5,workload units,study_data_D1_case2_congestion_withflex_v2_congpenalty(1).jl,
WorkloadInput,Common,DataCenter,DC3,14,4,shiftable_workload_arrival,296.5,workload units,study_data_D1_case2_congestion_withflex_v2_congpenalty(1).jl,
WorkloadInput,Common,DataCenter,DC3,14,4,total_original_workload_arrival,539.0,workload units,study_data_D1_case2_congestion_withflex_v2_congpenalty(1).jl,
WorkloadInput,Common,DataCenter,DC3,14,4,nominal_original_active_power,92.46,MW,study_data_D1_case2_congestion_withflex_v2_congpenalty(1).jl,Calculated as P_idle + Kdc*(fixed + shiftable workload) before migration/delay.
WorkloadInput,Common,DataCenter,DC3,14,5,fixed_workload_arrival,232.8,workload units,study_data_D1_case2_congestion_withflex_v2_congpenalty(1).jl,
WorkloadInput,Common,DataCenter,DC3,14,5,shiftable_workload_arrival,284.64,workload units,study_data_D1_case2_congestion_withflex_v2_congpenalty(1).jl,
WorkloadInput,Common,DataCenter,DC3,14,5,total_original_workload_arrival,517.44,workload units,study_data_D1_case2_congestion_withflex_v2_congpenalty(1).jl,
WorkloadInput,Common,DataCenter,DC3,14,5,nominal_original_active_power,89.4416,MW,study_data_D1_case2_congestion_withflex_v2_congpenalty(1).jl,Calculated as P_idle + Kdc*(fixed + shiftable workload) before migration/delay.
WorkloadInput,Common,DataCenter,DC3,14,6,fixed_workload_arrival,223.1,workload units,study_data_D1_case2_congestion_withflex_v2_congpenalty(1).jl,
WorkloadInput,Common,DataCenter,DC3,14,6,shiftable_workload_arrival,272.78,workload units,study_data_D1_case2_congestion_withflex_v2_congpenalty(1).jl,
WorkloadInput,Common,DataCenter,DC3,14,6,total_original_workload_arrival,495.88,workload units,study_data_D1_case2_congestion_withflex_v2_congpenalty(1).jl,
WorkloadInput,Common,DataCenter,DC3,14,6,nominal_original_active_power,86.4232,MW,study_data_D1_case2_congestion_withflex_v2_congpenalty(1).jl,Calculated as P_idle + Kdc*(fixed + shiftable workload) before migration/delay.
DataCenter,Common,DataCenter,DC4,29,,bus,29,bus,study_data_D1_case2_congestion_withflex_v2_congpenalty(1).jl,
DataCenter,Common,DataCenter,DC4,29,,processing_capacity_Lmax,850,workload units,study_data_D1_case2_congestion_withflex_v2_congpenalty(1).jl,
DataCenter,Common,DataCenter,DC4,29,,workload_to_power_Kdc,0.14,MW/workload,study_data_D1_case2_congestion_withflex_v2_congpenalty(1).jl,Implemented numerical case-study coefficient.
DataCenter,Common,DataCenter,DC4,29,,idle_power,18,MW,study_data_D1_case2_congestion_withflex_v2_congpenalty(1).jl,
DataCenter,Common,DataCenter,DC4,29,,PCC_apparent_power_limit,140,MVA,study_data_D1_case2_congestion_withflex_v2_congpenalty(1).jl,
DataCenter,Common,DataCenter,DC4,29,,minimum_power_factor,0.95,p.u.,study_data_D1_case2_congestion_withflex_v2_congpenalty(1).jl,
DataCenter,Common,DataCenter,DC4,29,,base_fixed_workload,480,workload units,study_data_D1_case2_congestion_withflex_v2_congpenalty(1).jl,
DataCenter,Common,DataCenter,DC4,29,,base_shiftable_workload,585,workload units,study_data_D1_case2_congestion_withflex_v2_congpenalty(1).jl,
DataCenter,Common,DataCenter,DC4,29,,max_delay,3,10-minute periods,study_data_D1_case2_congestion_withflex_v2_congpenalty(1).jl,
WorkloadInput,Common,DataCenter,DC4,29,1,fixed_workload_arrival,264.0,workload units,study_data_D1_case2_congestion_withflex_v2_congpenalty(1).jl,
WorkloadInput,Common,DataCenter,DC4,29,1,shiftable_workload_arrival,321.75,workload units,study_data_D1_case2_congestion_withflex_v2_congpenalty(1).jl,
WorkloadInput,Common,DataCenter,DC4,29,1,total_original_workload_arrival,585.75,workload units,study_data_D1_case2_congestion_withflex_v2_congpenalty(1).jl,
WorkloadInput,Common,DataCenter,DC4,29,1,nominal_original_active_power,100.005,MW,study_data_D1_case2_congestion_withflex_v2_congpenalty(1).jl,Calculated as P_idle + Kdc*(fixed + shiftable workload) before migration/delay.
WorkloadInput,Common,DataCenter,DC4,29,2,fixed_workload_arrival,240.0,workload units,study_data_D1_case2_congestion_withflex_v2_congpenalty(1).jl,
WorkloadInput,Common,DataCenter,DC4,29,2,shiftable_workload_arrival,292.5,workload units,study_data_D1_case2_congestion_withflex_v2_congpenalty(1).jl,
WorkloadInput,Common,DataCenter,DC4,29,2,total_original_workload_arrival,532.5,workload units,study_data_D1_case2_congestion_withflex_v2_congpenalty(1).jl,
WorkloadInput,Common,DataCenter,DC4,29,2,nominal_original_active_power,92.55,MW,study_data_D1_case2_congestion_withflex_v2_congpenalty(1).jl,Calculated as P_idle + Kdc*(fixed + shiftable workload) before migration/delay.
WorkloadInput,Common,DataCenter,DC4,29,3,fixed_workload_arrival,240.0,workload units,study_data_D1_case2_congestion_withflex_v2_congpenalty(1).jl,
WorkloadInput,Common,DataCenter,DC4,29,3,shiftable_workload_arrival,292.5,workload units,study_data_D1_case2_congestion_withflex_v2_congpenalty(1).jl,
WorkloadInput,Common,DataCenter,DC4,29,3,total_original_workload_arrival,532.5,workload units,study_data_D1_case2_congestion_withflex_v2_congpenalty(1).jl,
WorkloadInput,Common,DataCenter,DC4,29,3,nominal_original_active_power,92.55,MW,study_data_D1_case2_congestion_withflex_v2_congpenalty(1).jl,Calculated as P_idle + Kdc*(fixed + shiftable workload) before migration/delay.
WorkloadInput,Common,DataCenter,DC4,29,4,fixed_workload_arrival,240.0,workload units,study_data_D1_case2_congestion_withflex_v2_congpenalty(1).jl,
WorkloadInput,Common,DataCenter,DC4,29,4,shiftable_workload_arrival,292.5,workload units,study_data_D1_case2_congestion_withflex_v2_congpenalty(1).jl,
WorkloadInput,Common,DataCenter,DC4,29,4,total_original_workload_arrival,532.5,workload units,study_data_D1_case2_congestion_withflex_v2_congpenalty(1).jl,
WorkloadInput,Common,DataCenter,DC4,29,4,nominal_original_active_power,92.55,MW,study_data_D1_case2_congestion_withflex_v2_congpenalty(1).jl,Calculated as P_idle + Kdc*(fixed + shiftable workload) before migration/delay.
WorkloadInput,Common,DataCenter,DC4,29,5,fixed_workload_arrival,230.4,workload units,study_data_D1_case2_congestion_withflex_v2_congpenalty(1).jl,
WorkloadInput,Common,DataCenter,DC4,29,5,shiftable_workload_arrival,280.8,workload units,study_data_D1_case2_congestion_withflex_v2_congpenalty(1).jl,
WorkloadInput,Common,DataCenter,DC4,29,5,total_original_workload_arrival,511.2,workload units,study_data_D1_case2_congestion_withflex_v2_congpenalty(1).jl,
WorkloadInput,Common,DataCenter,DC4,29,5,nominal_original_active_power,89.568,MW,study_data_D1_case2_congestion_withflex_v2_congpenalty(1).jl,Calculated as P_idle + Kdc*(fixed + shiftable workload) before migration/delay.
WorkloadInput,Common,DataCenter,DC4,29,6,fixed_workload_arrival,220.8,workload units,study_data_D1_case2_congestion_withflex_v2_congpenalty(1).jl,
WorkloadInput,Common,DataCenter,DC4,29,6,shiftable_workload_arrival,269.1,workload units,study_data_D1_case2_congestion_withflex_v2_congpenalty(1).jl,
WorkloadInput,Common,DataCenter,DC4,29,6,total_original_workload_arrival,489.9,workload units,study_data_D1_case2_congestion_withflex_v2_congpenalty(1).jl,
WorkloadInput,Common,DataCenter,DC4,29,6,nominal_original_active_power,86.586,MW,study_data_D1_case2_congestion_withflex_v2_congpenalty(1).jl,Calculated as P_idle + Kdc*(fixed + shiftable workload) before migration/delay.
DataCenter,Common,DataCenter,DC5,37,,bus,37,bus,study_data_D1_case2_congestion_withflex_v2_congpenalty(1).jl,
DataCenter,Common,DataCenter,DC5,37,,processing_capacity_Lmax,900,workload units,study_data_D1_case2_congestion_withflex_v2_congpenalty(1).jl,
DataCenter,Common,DataCenter,DC5,37,,workload_to_power_Kdc,0.14,MW/workload,study_data_D1_case2_congestion_withflex_v2_congpenalty(1).jl,Implemented numerical case-study coefficient.
DataCenter,Common,DataCenter,DC5,37,,idle_power,18,MW,study_data_D1_case2_congestion_withflex_v2_congpenalty(1).jl,
DataCenter,Common,DataCenter,DC5,37,,PCC_apparent_power_limit,160,MVA,study_data_D1_case2_congestion_withflex_v2_congpenalty(1).jl,
DataCenter,Common,DataCenter,DC5,37,,minimum_power_factor,0.95,p.u.,study_data_D1_case2_congestion_withflex_v2_congpenalty(1).jl,
DataCenter,Common,DataCenter,DC5,37,,base_fixed_workload,250,workload units,study_data_D1_case2_congestion_withflex_v2_congpenalty(1).jl,
DataCenter,Common,DataCenter,DC5,37,,base_shiftable_workload,166,workload units,study_data_D1_case2_congestion_withflex_v2_congpenalty(1).jl,
DataCenter,Common,DataCenter,DC5,37,,max_delay,3,10-minute periods,study_data_D1_case2_congestion_withflex_v2_congpenalty(1).jl,
WorkloadInput,Common,DataCenter,DC5,37,1,fixed_workload_arrival,137.5,workload units,study_data_D1_case2_congestion_withflex_v2_congpenalty(1).jl,
WorkloadInput,Common,DataCenter,DC5,37,1,shiftable_workload_arrival,91.3,workload units,study_data_D1_case2_congestion_withflex_v2_congpenalty(1).jl,
WorkloadInput,Common,DataCenter,DC5,37,1,total_original_workload_arrival,228.8,workload units,study_data_D1_case2_congestion_withflex_v2_congpenalty(1).jl,
WorkloadInput,Common,DataCenter,DC5,37,1,nominal_original_active_power,50.032,MW,study_data_D1_case2_congestion_withflex_v2_congpenalty(1).jl,Calculated as P_idle + Kdc*(fixed + shiftable workload) before migration/delay.
WorkloadInput,Common,DataCenter,DC5,37,2,fixed_workload_arrival,125.0,workload units,study_data_D1_case2_congestion_withflex_v2_congpenalty(1).jl,
WorkloadInput,Common,DataCenter,DC5,37,2,shiftable_workload_arrival,83.0,workload units,study_data_D1_case2_congestion_withflex_v2_congpenalty(1).jl,
WorkloadInput,Common,DataCenter,DC5,37,2,total_original_workload_arrival,208.0,workload units,study_data_D1_case2_congestion_withflex_v2_congpenalty(1).jl,
WorkloadInput,Common,DataCenter,DC5,37,2,nominal_original_active_power,47.12,MW,study_data_D1_case2_congestion_withflex_v2_congpenalty(1).jl,Calculated as P_idle + Kdc*(fixed + shiftable workload) before migration/delay.
WorkloadInput,Common,DataCenter,DC5,37,3,fixed_workload_arrival,125.0,workload units,study_data_D1_case2_congestion_withflex_v2_congpenalty(1).jl,
WorkloadInput,Common,DataCenter,DC5,37,3,shiftable_workload_arrival,83.0,workload units,study_data_D1_case2_congestion_withflex_v2_congpenalty(1).jl,
WorkloadInput,Common,DataCenter,DC5,37,3,total_original_workload_arrival,208.0,workload units,study_data_D1_case2_congestion_withflex_v2_congpenalty(1).jl,
WorkloadInput,Common,DataCenter,DC5,37,3,nominal_original_active_power,47.12,MW,study_data_D1_case2_congestion_withflex_v2_congpenalty(1).jl,Calculated as P_idle + Kdc*(fixed + shiftable workload) before migration/delay.
WorkloadInput,Common,DataCenter,DC5,37,4,fixed_workload_arrival,125.0,workload units,study_data_D1_case2_congestion_withflex_v2_congpenalty(1).jl,
WorkloadInput,Common,DataCenter,DC5,37,4,shiftable_workload_arrival,83.0,workload units,study_data_D1_case2_congestion_withflex_v2_congpenalty(1).jl,
WorkloadInput,Common,DataCenter,DC5,37,4,total_original_workload_arrival,208.0,workload units,study_data_D1_case2_congestion_withflex_v2_congpenalty(1).jl,
WorkloadInput,Common,DataCenter,DC5,37,4,nominal_original_active_power,47.12,MW,study_data_D1_case2_congestion_withflex_v2_congpenalty(1).jl,Calculated as P_idle + Kdc*(fixed + shiftable workload) before migration/delay.
WorkloadInput,Common,DataCenter,DC5,37,5,fixed_workload_arrival,120.0,workload units,study_data_D1_case2_congestion_withflex_v2_congpenalty(1).jl,
WorkloadInput,Common,DataCenter,DC5,37,5,shiftable_workload_arrival,79.68,workload units,study_data_D1_case2_congestion_withflex_v2_congpenalty(1).jl,
WorkloadInput,Common,DataCenter,DC5,37,5,total_original_workload_arrival,199.68,workload units,study_data_D1_case2_congestion_withflex_v2_congpenalty(1).jl,
WorkloadInput,Common,DataCenter,DC5,37,5,nominal_original_active_power,45.9552,MW,study_data_D1_case2_congestion_withflex_v2_congpenalty(1).jl,Calculated as P_idle + Kdc*(fixed + shiftable workload) before migration/delay.
WorkloadInput,Common,DataCenter,DC5,37,6,fixed_workload_arrival,115.0,workload units,study_data_D1_case2_congestion_withflex_v2_congpenalty(1).jl,
WorkloadInput,Common,DataCenter,DC5,37,6,shiftable_workload_arrival,76.36,workload units,study_data_D1_case2_congestion_withflex_v2_congpenalty(1).jl,
WorkloadInput,Common,DataCenter,DC5,37,6,total_original_workload_arrival,191.36,workload units,study_data_D1_case2_congestion_withflex_v2_congpenalty(1).jl,
WorkloadInput,Common,DataCenter,DC5,37,6,nominal_original_active_power,44.7904,MW,study_data_D1_case2_congestion_withflex_v2_congpenalty(1).jl,Calculated as P_idle + Kdc*(fixed + shiftable workload) before migration/delay.
Objective,Common,Objective,Curtailment,,,curtailment_penalty,30.0,normalized,study_data_D1_case2_congestion_withflex_v2_congpenalty(1).jl,
Objective,Common,Objective,Congestion,,,congestion_margin_ratio_rho,0.9,p.u.,study_data_D1_case2_congestion_withflex_v2_congpenalty(1).jl,
Objective,Common,Objective,Congestion,,,congestion_penalty_lambda,100.0,normalized,study_data_D1_case2_congestion_withflex_v2_congpenalty(1).jl,
Objective,WithFlex,DataCenter,DC1,21,,temporal_shift_cost,0.1,normalized/workload/period,study_data_D1_case2_congestion_withflex_v2_congpenalty(1).jl,
Objective,WithFlex,DataCenter,DC2,24,,temporal_shift_cost,0.1,normalized/workload/period,study_data_D1_case2_congestion_withflex_v2_congpenalty(1).jl,
Objective,WithFlex,DataCenter,DC3,14,,temporal_shift_cost,0.1,normalized/workload/period,study_data_D1_case2_congestion_withflex_v2_congpenalty(1).jl,
Objective,WithFlex,DataCenter,DC4,29,,temporal_shift_cost,0.1,normalized/workload/period,study_data_D1_case2_congestion_withflex_v2_congpenalty(1).jl,
Objective,WithFlex,DataCenter,DC5,37,,temporal_shift_cost,0.1,normalized/workload/period,study_data_D1_case2_congestion_withflex_v2_congpenalty(1).jl,
SpatialMigrationCost,WithFlex,MigrationCost,DC1->DC1,21->21,,spatial_migration_cost,0.0,normalized/workload,study_data_D1_case2_congestion_withflex_v2_congpenalty(1).jl,
SpatialMigrationCost,WithFlex,MigrationCost,DC1->DC2,21->24,,spatial_migration_cost,0.07,normalized/workload,study_data_D1_case2_congestion_withflex_v2_congpenalty(1).jl,
SpatialMigrationCost,WithFlex,MigrationCost,DC1->DC3,21->14,,spatial_migration_cost,0.08,normalized/workload,study_data_D1_case2_congestion_withflex_v2_congpenalty(1).jl,
SpatialMigrationCost,WithFlex,MigrationCost,DC1->DC4,21->29,,spatial_migration_cost,0.08,normalized/workload,study_data_D1_case2_congestion_withflex_v2_congpenalty(1).jl,
SpatialMigrationCost,WithFlex,MigrationCost,DC1->DC5,21->37,,spatial_migration_cost,0.07,normalized/workload,study_data_D1_case2_congestion_withflex_v2_congpenalty(1).jl,
SpatialMigrationCost,WithFlex,MigrationCost,DC2->DC1,24->21,,spatial_migration_cost,0.08,normalized/workload,study_data_D1_case2_congestion_withflex_v2_congpenalty(1).jl,
SpatialMigrationCost,WithFlex,MigrationCost,DC2->DC2,24->24,,spatial_migration_cost,0.0,normalized/workload,study_data_D1_case2_congestion_withflex_v2_congpenalty(1).jl,
SpatialMigrationCost,WithFlex,MigrationCost,DC2->DC3,24->14,,spatial_migration_cost,0.08,normalized/workload,study_data_D1_case2_congestion_withflex_v2_congpenalty(1).jl,
SpatialMigrationCost,WithFlex,MigrationCost,DC2->DC4,24->29,,spatial_migration_cost,0.08,normalized/workload,study_data_D1_case2_congestion_withflex_v2_congpenalty(1).jl,
SpatialMigrationCost,WithFlex,MigrationCost,DC2->DC5,24->37,,spatial_migration_cost,0.07,normalized/workload,study_data_D1_case2_congestion_withflex_v2_congpenalty(1).jl,
SpatialMigrationCost,WithFlex,MigrationCost,DC3->DC1,14->21,,spatial_migration_cost,0.08,normalized/workload,study_data_D1_case2_congestion_withflex_v2_congpenalty(1).jl,
SpatialMigrationCost,WithFlex,MigrationCost,DC3->DC2,14->24,,spatial_migration_cost,0.07,normalized/workload,study_data_D1_case2_congestion_withflex_v2_congpenalty(1).jl,
SpatialMigrationCost,WithFlex,MigrationCost,DC3->DC3,14->14,,spatial_migration_cost,0.0,normalized/workload,study_data_D1_case2_congestion_withflex_v2_congpenalty(1).jl,
SpatialMigrationCost,WithFlex,MigrationCost,DC3->DC4,14->29,,spatial_migration_cost,0.08,normalized/workload,study_data_D1_case2_congestion_withflex_v2_congpenalty(1).jl,
SpatialMigrationCost,WithFlex,MigrationCost,DC3->DC5,14->37,,spatial_migration_cost,0.07,normalized/workload,study_data_D1_case2_congestion_withflex_v2_congpenalty(1).jl,
SpatialMigrationCost,WithFlex,MigrationCost,DC4->DC1,29->21,,spatial_migration_cost,0.08,normalized/workload,study_data_D1_case2_congestion_withflex_v2_congpenalty(1).jl,
SpatialMigrationCost,WithFlex,MigrationCost,DC4->DC2,29->24,,spatial_migration_cost,0.07,normalized/workload,study_data_D1_case2_congestion_withflex_v2_congpenalty(1).jl,
SpatialMigrationCost,WithFlex,MigrationCost,DC4->DC3,29->14,,spatial_migration_cost,0.08,normalized/workload,study_data_D1_case2_congestion_withflex_v2_congpenalty(1).jl,
SpatialMigrationCost,WithFlex,MigrationCost,DC4->DC4,29->29,,spatial_migration_cost,0.0,normalized/workload,study_data_D1_case2_congestion_withflex_v2_congpenalty(1).jl,
SpatialMigrationCost,WithFlex,MigrationCost,DC4->DC5,29->37,,spatial_migration_cost,0.07,normalized/workload,study_data_D1_case2_congestion_withflex_v2_congpenalty(1).jl,
SpatialMigrationCost,WithFlex,MigrationCost,DC5->DC1,37->21,,spatial_migration_cost,0.08,normalized/workload,study_data_D1_case2_congestion_withflex_v2_congpenalty(1).jl,
SpatialMigrationCost,WithFlex,MigrationCost,DC5->DC2,37->24,,spatial_migration_cost,0.07,normalized/workload,study_data_D1_case2_congestion_withflex_v2_congpenalty(1).jl,
SpatialMigrationCost,WithFlex,MigrationCost,DC5->DC3,37->14,,spatial_migration_cost,0.08,normalized/workload,study_data_D1_case2_congestion_withflex_v2_congpenalty(1).jl,
SpatialMigrationCost,WithFlex,MigrationCost,DC5->DC4,37->29,,spatial_migration_cost,0.08,normalized/workload,study_data_D1_case2_congestion_withflex_v2_congpenalty(1).jl,
SpatialMigrationCost,WithFlex,MigrationCost,DC5->DC5,37->37,,spatial_migration_cost,0.0,normalized/workload,study_data_D1_case2_congestion_withflex_v2_congpenalty(1).jl,
BranchLimit,Common,Transmission,DEFAULT,all non-overridden active branches,,Smax,2.0,p.u.,study_data_D1_case2_congestion_withflex_v2_congpenalty(1).jl,200 MVA on 100-MVA base.
BranchLimit,Common,TransmissionBranch,12-14,tightened_source_side,,Smax,0.7,p.u.,study_data_D1_case2_congestion_withflex_v2_congpenalty(1).jl,70 MVA on 100-MVA base.
BranchLimit,Common,TransmissionBranch,12-14,tightened_source_side,,Smax_MVA,70.0,MVA,study_data_D1_case2_congestion_withflex_v2_congpenalty(1).jl,
BranchLimit,Common,TransmissionBranch,14-15,tightened_source_side,,Smax,0.7,p.u.,study_data_D1_case2_congestion_withflex_v2_congpenalty(1).jl,70 MVA on 100-MVA base.
BranchLimit,Common,TransmissionBranch,14-15,tightened_source_side,,Smax_MVA,70.0,MVA,study_data_D1_case2_congestion_withflex_v2_congpenalty(1).jl,
BranchLimit,Common,TransmissionBranch,19-20,tightened_source_side,,Smax,0.75,p.u.,study_data_D1_case2_congestion_withflex_v2_congpenalty(1).jl,75 MVA on 100-MVA base.
BranchLimit,Common,TransmissionBranch,19-20,tightened_source_side,,Smax_MVA,75.0,MVA,study_data_D1_case2_congestion_withflex_v2_congpenalty(1).jl,
BranchLimit,Common,TransmissionBranch,20-21,tightened_source_side,,Smax,0.82,p.u.,study_data_D1_case2_congestion_withflex_v2_congpenalty(1).jl,82 MVA on 100-MVA base.
BranchLimit,Common,TransmissionBranch,20-21,tightened_source_side,,Smax_MVA,82.0,MVA,study_data_D1_case2_congestion_withflex_v2_congpenalty(1).jl,
BranchLimit,Common,TransmissionBranch,21-22,tightened_source_side,,Smax,0.82,p.u.,study_data_D1_case2_congestion_withflex_v2_congpenalty(1).jl,82 MVA on 100-MVA base.
BranchLimit,Common,TransmissionBranch,21-22,tightened_source_side,,Smax_MVA,82.0,MVA,study_data_D1_case2_congestion_withflex_v2_congpenalty(1).jl,
BranchLimit,Common,TransmissionBranch,27-28,tightened_source_side,,Smax,0.75,p.u.,study_data_D1_case2_congestion_withflex_v2_congpenalty(1).jl,75 MVA on 100-MVA base.
BranchLimit,Common,TransmissionBranch,27-28,tightened_source_side,,Smax_MVA,75.0,MVA,study_data_D1_case2_congestion_withflex_v2_congpenalty(1).jl,
BranchLimit,Common,TransmissionBranch,28-29,tightened_source_side,,Smax,0.82,p.u.,study_data_D1_case2_congestion_withflex_v2_congpenalty(1).jl,82 MVA on 100-MVA base.
BranchLimit,Common,TransmissionBranch,28-29,tightened_source_side,,Smax_MVA,82.0,MVA,study_data_D1_case2_congestion_withflex_v2_congpenalty(1).jl,
BranchLimit,Common,TransmissionBranch,29-31,tightened_source_side,,Smax,0.82,p.u.,study_data_D1_case2_congestion_withflex_v2_congpenalty(1).jl,82 MVA on 100-MVA base.
BranchLimit,Common,TransmissionBranch,29-31,tightened_source_side,,Smax_MVA,82.0,MVA,study_data_D1_case2_congestion_withflex_v2_congpenalty(1).jl,
BranchLimit,Common,TransmissionBranch,23-24,expanded_sink_side,,Smax,2.8,p.u.,study_data_D1_case2_congestion_withflex_v2_congpenalty(1).jl,280 MVA on 100-MVA base.
BranchLimit,Common,TransmissionBranch,23-24,expanded_sink_side,,Smax_MVA,280.0,MVA,study_data_D1_case2_congestion_withflex_v2_congpenalty(1).jl,
BranchLimit,Common,TransmissionBranch,24-70,expanded_sink_side,,Smax,2.8,p.u.,study_data_D1_case2_congestion_withflex_v2_congpenalty(1).jl,280 MVA on 100-MVA base.
BranchLimit,Common,TransmissionBranch,24-70,expanded_sink_side,,Smax_MVA,280.0,MVA,study_data_D1_case2_congestion_withflex_v2_congpenalty(1).jl,
BranchLimit,Common,TransmissionBranch,24-72,expanded_sink_side,,Smax,2.8,p.u.,study_data_D1_case2_congestion_withflex_v2_congpenalty(1).jl,280 MVA on 100-MVA base.
BranchLimit,Common,TransmissionBranch,24-72,expanded_sink_side,,Smax_MVA,280.0,MVA,study_data_D1_case2_congestion_withflex_v2_congpenalty(1).jl,
BranchLimit,Common,TransmissionBranch,33-37,expanded_sink_side,,Smax,2.8,p.u.,study_data_D1_case2_congestion_withflex_v2_congpenalty(1).jl,280 MVA on 100-MVA base.
BranchLimit,Common,TransmissionBranch,33-37,expanded_sink_side,,Smax_MVA,280.0,MVA,study_data_D1_case2_congestion_withflex_v2_congpenalty(1).jl,
BranchLimit,Common,TransmissionBranch,34-37,expanded_sink_side,,Smax,2.8,p.u.,study_data_D1_case2_congestion_withflex_v2_congpenalty(1).jl,280 MVA on 100-MVA base.
BranchLimit,Common,TransmissionBranch,34-37,expanded_sink_side,,Smax_MVA,280.0,MVA,study_data_D1_case2_congestion_withflex_v2_congpenalty(1).jl,
BranchLimit,Common,TransmissionBranch,35-37,expanded_sink_side,,Smax,2.8,p.u.,study_data_D1_case2_congestion_withflex_v2_congpenalty(1).jl,280 MVA on 100-MVA base.
BranchLimit,Common,TransmissionBranch,35-37,expanded_sink_side,,Smax_MVA,280.0,MVA,study_data_D1_case2_congestion_withflex_v2_congpenalty(1).jl,
BranchLimit,Common,TransmissionBranch,37-38,expanded_sink_side,,Smax,2.8,p.u.,study_data_D1_case2_congestion_withflex_v2_congpenalty(1).jl,280 MVA on 100-MVA base.
BranchLimit,Common,TransmissionBranch,37-38,expanded_sink_side,,Smax_MVA,280.0,MVA,study_data_D1_case2_congestion_withflex_v2_congpenalty(1).jl,
BranchLimit,Common,TransmissionBranch,37-39,expanded_sink_side,,Smax,2.8,p.u.,study_data_D1_case2_congestion_withflex_v2_congpenalty(1).jl,280 MVA on 100-MVA base.
BranchLimit,Common,TransmissionBranch,37-39,expanded_sink_side,,Smax_MVA,280.0,MVA,study_data_D1_case2_congestion_withflex_v2_congpenalty(1).jl,
BranchLimit,Common,TransmissionBranch,37-40,expanded_sink_side,,Smax,2.8,p.u.,study_data_D1_case2_congestion_withflex_v2_congpenalty(1).jl,280 MVA on 100-MVA base.
BranchLimit,Common,TransmissionBranch,37-40,expanded_sink_side,,Smax_MVA,280.0,MVA,study_data_D1_case2_congestion_withflex_v2_congpenalty(1).jl,
ReportedCongestionSummary,NoFlex,System,System,,,maximum_branch_loading,95.67,%,paper reported results,
ReportedCongestionSummary,WithFlex,System,System,,,maximum_branch_loading,70.92,%,paper reported results,
ReportedCongestionSummary,NoFlex,System,System,,,average_branch_loading,16.12,%,paper reported results,
ReportedCongestionSummary,WithFlex,System,System,,,average_branch_loading,15.8,%,paper reported results,
ReportedCongestionSummary,NoFlex,System,System,,,median_branch_loading,10.46,%,paper reported results,
ReportedCongestionSummary,WithFlex,System,System,,,median_branch_loading,10.04,%,paper reported results,
ReportedCongestionSummary,NoFlex,System,System,,,branch_time_points_ge_95pct,1,count,paper reported results,
ReportedCongestionSummary,WithFlex,System,System,,,branch_time_points_ge_95pct,0,count,paper reported results,
ReportedCongestionSummary,NoFlex,System,System,,,migrated_workload,0.0,workload units,paper reported results,
ReportedCongestionSummary,WithFlex,System,System,,,migrated_workload,2062.52,workload units,paper reported results,
ReportedCriticalLine,NoFlex,TransmissionBranch,Line17,12-14,,max_loading,95.67,%,paper reported results,
ReportedCriticalLine,WithFlex,TransmissionBranch,Line17,12-14,,max_loading,70.0,%,paper reported results,
ReportedCriticalLine,Comparison,TransmissionBranch,Line17,12-14,,reduction,25.67,percentage points,paper reported results,
ReportedCriticalLine,NoFlex,TransmissionBranch,Line104,65-68,,max_loading,94.51,%,paper reported results,
ReportedCriticalLine,WithFlex,TransmissionBranch,Line104,65-68,,max_loading,70.92,%,paper reported results,
ReportedCriticalLine,Comparison,TransmissionBranch,Line104,65-68,,reduction,23.59,percentage points,paper reported results,
ReportedCriticalLine,NoFlex,TransmissionBranch,Line25,19-20,,max_loading,75.91,%,paper reported results,
ReportedCriticalLine,WithFlex,TransmissionBranch,Line25,19-20,,max_loading,66.83,%,paper reported results,
ReportedCriticalLine,Comparison,TransmissionBranch,Line25,19-20,,reduction,9.08,percentage points,paper reported results,
ReportedCriticalLine,NoFlex,TransmissionBranch,Line80,56-57,,max_loading,72.84,%,paper reported results,
ReportedCriticalLine,WithFlex,TransmissionBranch,Line80,56-57,,max_loading,70.0,%,paper reported results,
ReportedCriticalLine,Comparison,TransmissionBranch,Line80,56-57,,reduction,2.84,percentage points,paper reported results,
ReportedCriticalLine,NoFlex,TransmissionBranch,Line40,29-31,,max_loading,71.15,%,paper reported results,
ReportedCriticalLine,WithFlex,TransmissionBranch,Line40,29-31,,max_loading,68.24,%,paper reported results,
ReportedCriticalLine,Comparison,TransmissionBranch,Line40,29-31,,reduction,2.91,percentage points,paper reported results,
ReportedCriticalLine,NoFlex,TransmissionBranch,Line36,30-17,,max_loading,70.0,%,paper reported results,
ReportedCriticalLine,WithFlex,TransmissionBranch,Line36,30-17,,max_loading,56.79,%,paper reported results,
ReportedCriticalLine,Comparison,TransmissionBranch,Line36,30-17,,reduction,13.21,percentage points,paper reported results,
ReportedCurtailmentPeriod,NoFlex,RenewableTotal,Total,,1,curtailment_power,43.7,MW,paper reported results,
ReportedCurtailmentPeriod,WithFlex,RenewableTotal,Total,,1,curtailment_power,0.0,MW,paper reported results,
ReportedCurtailmentPeriod,Comparison,RenewableTotal,Total,,1,curtailment_power_reduction,43.7,MW,paper reported results,
ReportedCurtailmentPeriod,Comparison,RenewableTotal,Total,,1,curtailment_energy_reduction,7.2833,MWh,paper reported results,
ReportedCurtailmentPeriod,NoFlex,RenewableTotal,Total,,2,curtailment_power,530.7,MW,paper reported results,
ReportedCurtailmentPeriod,WithFlex,RenewableTotal,Total,,2,curtailment_power,232.0,MW,paper reported results,
ReportedCurtailmentPeriod,Comparison,RenewableTotal,Total,,2,curtailment_power_reduction,298.7,MW,paper reported results,
ReportedCurtailmentPeriod,Comparison,RenewableTotal,Total,,2,curtailment_energy_reduction,49.7833,MWh,paper reported results,
ReportedCurtailmentPeriod,NoFlex,RenewableTotal,Total,,3,curtailment_power,1037.4,MW,paper reported results,
ReportedCurtailmentPeriod,WithFlex,RenewableTotal,Total,,3,curtailment_power,782.0,MW,paper reported results,
ReportedCurtailmentPeriod,Comparison,RenewableTotal,Total,,3,curtailment_power_reduction,255.4,MW,paper reported results,
ReportedCurtailmentPeriod,Comparison,RenewableTotal,Total,,3,curtailment_energy_reduction,42.5667,MWh,paper reported results,
ReportedCurtailmentPeriod,NoFlex,RenewableTotal,Total,,4,curtailment_power,1562.6,MW,paper reported results,
ReportedCurtailmentPeriod,WithFlex,RenewableTotal,Total,,4,curtailment_power,1348.1,MW,paper reported results,
ReportedCurtailmentPeriod,Comparison,RenewableTotal,Total,,4,curtailment_power_reduction,214.5,MW,paper reported results,
ReportedCurtailmentPeriod,Comparison,RenewableTotal,Total,,4,curtailment_energy_reduction,35.75,MWh,paper reported results,
ReportedCurtailmentPeriod,NoFlex,RenewableTotal,Total,,5,curtailment_power,1543.7,MW,paper reported results,
ReportedCurtailmentPeriod,WithFlex,RenewableTotal,Total,,5,curtailment_power,1319.0,MW,paper reported results,
ReportedCurtailmentPeriod,Comparison,RenewableTotal,Total,,5,curtailment_power_reduction,224.7,MW,paper reported results,
ReportedCurtailmentPeriod,Comparison,RenewableTotal,Total,,5,curtailment_energy_reduction,37.45,MWh,paper reported results,
ReportedCurtailmentPeriod,NoFlex,RenewableTotal,Total,,6,curtailment_power,1842.9,MW,paper reported results,
ReportedCurtailmentPeriod,WithFlex,RenewableTotal,Total,,6,curtailment_power,1570.3,MW,paper reported results,
ReportedCurtailmentPeriod,Comparison,RenewableTotal,Total,,6,curtailment_power_reduction,272.6,MW,paper reported results,
ReportedCurtailmentPeriod,Comparison,RenewableTotal,Total,,6,curtailment_energy_reduction,45.4333,MWh,paper reported results,
ReportedCurtailmentSummary,NoFlex,Renewable,Summary,,,wind_curtailment_energy,611.68,MWh,paper reported results,
ReportedCurtailmentSummary,WithFlex,Renewable,Summary,,,wind_curtailment_energy,472.72,MWh,paper reported results,
ReportedCurtailmentSummary,Comparison,Renewable,Summary,,,wind_curtailment_energy_reduction,138.96,MWh,paper reported results,
ReportedCurtailmentSummary,NoFlex,Renewable,Summary,,,solar_curtailment_energy,481.81,MWh,paper reported results,
ReportedCurtailmentSummary,WithFlex,Renewable,Summary,,,solar_curtailment_energy,402.51,MWh,paper reported results,
ReportedCurtailmentSummary,Comparison,Renewable,Summary,,,solar_curtailment_energy_reduction,79.3,MWh,paper reported results,
ReportedCurtailmentSummary,NoFlex,Renewable,Summary,,,total_curtailment_energy,1093.5,MWh,paper reported results,
ReportedCurtailmentSummary,WithFlex,Renewable,Summary,,,total_curtailment_energy,875.24,MWh,paper reported results,
ReportedCurtailmentSummary,Comparison,Renewable,Summary,,,total_curtailment_energy_reduction,218.26,MWh,paper reported results,
ReportedCurtailmentSummary,Comparison,Renewable,Summary,,,total_curtailment_reduction_percent,20.0,%,paper reported results,
Notes,Common,Dataset,Provenance,,,input_parameter_basis,Canonical common inputs are consolidated from the WithFlex v2 congestion-penalty study-data file and used as the manuscript common setup.,,study_data_D1_case2_congestion_withflex_v2_congpenalty(1).jl,"NoFlex is represented in this consolidated dataset as the same common inputs with workload flexibility disabled, consistent with the manuscript comparison definition."
Notes,Common,Dataset,Provenance,,,result_basis,System-level and curtailment outputs are the values reported in the manuscript tables/figures.,,paper reported results,
Notes,Common,Dataset,Provenance,,,not_included,"Full raw branch-by-time, workload-assignment, delay-distribution, and constraint-slack solver outputs are not present in the currently available result files and are therefore not fabricated here.",,paper reported results,
